{
  "hash": "3dbf1b0e",
  "configHash": "ef5f7123",
  "lockfileHash": "078e498a",
  "browserHash": "21119322",
  "optimized": {
    "@angular/common": {
      "src": "../../../../../../node_modules/@angular/common/fesm2022/common.mjs",
      "file": "@angular_common.js",
      "fileHash": "a81d3161",
      "needsInterop": false
    },
    "@angular/common/http": {
      "src": "../../../../../../node_modules/@angular/common/fesm2022/http.mjs",
      "file": "@angular_common_http.js",
      "fileHash": "ff32412c",
      "needsInterop": false
    },
    "@angular/core": {
      "src": "../../../../../../node_modules/@angular/core/fesm2022/core.mjs",
      "file": "@angular_core.js",
      "fileHash": "bd815b77",
      "needsInterop": false
    },
    "@angular/forms": {
      "src": "../../../../../../node_modules/@angular/forms/fesm2022/forms.mjs",
      "file": "@angular_forms.js",
      "fileHash": "40d67b08",
      "needsInterop": false
    },
    "@angular/platform-browser": {
      "src": "../../../../../../node_modules/@angular/platform-browser/fesm2022/platform-browser.mjs",
      "file": "@angular_platform-browser.js",
      "fileHash": "d50bdb83",
      "needsInterop": false
    },
    "@angular/router": {
      "src": "../../../../../../node_modules/@angular/router/fesm2022/router.mjs",
      "file": "@angular_router.js",
      "fileHash": "0cdeb3f4",
      "needsInterop": false
    }
  },
  "chunks": {
    "chunk-DC5ZVHAW": {
      "file": "chunk-DC5ZVHAW.js"
    },
    "chunk-ZOE5VS72": {
      "file": "chunk-ZOE5VS72.js"
    },
    "chunk-5BNAFVWX": {
      "file": "chunk-5BNAFVWX.js"
    },
    "chunk-W2WIUP6R": {
      "file": "chunk-W2WIUP6R.js"
    },
    "chunk-RMMR5MDJ": {
      "file": "chunk-RMMR5MDJ.js"
    }
  }
}